[
  {
    "uid": "7952226615",
    "user_name": "Asser",
    "reason": "مؤقت حتى الموافقة على العقد",
    "time": 1754318893,
    "admin_id": 7952226615
  },
  {
    "uid": "8077232177",
    "user_name": "Naser",
    "reason": "مخالفة القواعد في العقد.",
    "time": 1754338491,
    "admin_id": 7952226615
  },
  {
    "uid": "8274836262",
    "user_name": "عمر كرم",
    "reason": "إيقاف مؤقت،لإثبات الملكية.",
    "time": 1754775877,
    "admin_id": 7952226615
  },
  {
    "uid": "7858566912",
    "user_name": "أحمد صلاح محمد",
    "reason": "إيقاف مؤقت، حتي يتم إثبات الملكية.",
    "time": 1754777081,
    "admin_id": 7952226615
  },
  {
    "uid": "8160791024",
    "user_name": "اسيل عبدالقادر",
    "reason": "اسيل محتالة 😡😡",
    "time": 1755533962,
    "admin_id": 7952226615
  }
]