{
  "7952226615": {
    "name": "Asser",
    "email": "1assergamal@gmail.com",
    "phone": "01227911081",
    "password": "duduud",
    "balance": {
      "EGP": 0.0,
      "USDT": 0.0
    },
    "plans": [],
    "accepted_terms": false,
    "acceptance_time": null,
    "team_count": 0,
    "invite_code": "o2DqOQBysRc",
    "inviter_id": null,
    "banned": false,
    "ban_reason": "",
    "ban_time": null,
    "premium": false,
    "registration_date": 1758704387
  },
  "8274836262": {
    "name": "Hussein",
    "email": "hussein@gmail.com",
    "phone": "0100000000",
    "password": "Hussein",
    "balance": {
      "EGP": 0.0,
      "USDT": 0.0
    },
    "plans": [],
    "accepted_terms": false,
    "acceptance_time": null,
    "team_count": 0,
    "invite_code": "m3mGuRLfsfo",
    "inviter_id": null,
    "banned": false,
    "ban_reason": "",
    "ban_time": null,
    "premium": false,
    "registration_date": 1758704555
  }
}